{"cameraMode":{"drawMode":0,"name":"Shaded","section":"Shading Mode"},"sceneLighting":true,"audioPlay":false,"sceneViewState":{"showFog":true,"showMaterialUpdate":false,"showSkybox":true,"showFlares":true,"showImageEffects":true,"showParticleSystems":true},"in2DMode":false,"pivot":{"x":28.380878448486329,"y":-47.70282745361328,"z":-2.476895809173584},"rotation":{"x":0.34539666771888735,"y":0.6233945488929749,"z":-0.35639142990112307,"w":0.6042712926864624},"size":73.59049224853516,"orthographic":false}